INSERT INTO Countries (country_id, name) VALUES
(1, 'United Kingdom'),
(2, 'United States'),
(3, 'Canada'),
(4, 'Kazakhstan'),
(5, 'Russia'),
(6, 'Germany'),
(7, 'France'),
(8, 'Australia'),
(9, 'Brazil'),
(10, 'Japan');

INSERT INTO Subscriptions (subscription_id, name, price) VALUES
(1, 'Free', 0.00),
(2, 'Premium', 9.99),
(3, 'Family', 14.99);

INSERT INTO "users" (user_id, name, email, password, subscription_id, country_id, registration_date) VALUES
(1, 'Aidar Nurgaliyev', 'aidar.n@local.kz', 'hashed_pass_a1', 2, 4, '2025-01-10 09:12:00'),
(2, 'Gulnara Seitova', 'gulnara@example.kz', 'hashed_pass_a2', 1, 4, '2025-02-05 14:30:00'),
(3, 'John Miller', 'john.miller@example.com', 'hashed_pass_a3', 2, 2, '2024-11-20 08:00:00'),
(4, 'Maria Petrova', 'm.petrov@example.ru', 'hashed_pass_a4', 3, 5, '2023-05-12 18:45:00'),
(5, 'Emma Thompson', 'emma.t@example.uk', 'hashed_pass_a5', 2, 1, '2024-08-01 10:05:00'),
(6, 'Carlos Silva', 'c.silva@example.br', 'hashed_pass_a6', 1, 9, '2025-03-03 21:10:00'),
(7, 'Satoshi Yamamoto', 's.yama@example.jp', 'hashed_pass_a7', 2, 10, '2024-12-12 12:00:00'),
(8, 'Lena Müller', 'lena.mueller@example.de', 'hashed_pass_a8', 2, 6, '2025-06-15 11:23:00'),
(9, 'Olga Ivanova', 'olga.ivanova@example.ru', 'hashed_pass_a9', 1, 5, '2025-04-22 16:40:00'),
(10, 'Michael Johnson', 'm.johnson@example.com', 'hashed_pass_a10', 3, 2, '2022-10-30 09:00:00'),
(11, 'Daniela Rossi', 'd.rossi@example.it', 'hashed_pass_a11', 1, 7, '2025-07-01 13:18:00'),
(12, 'Alex Kim', 'alex.kim@example.ca', 'hashed_pass_a12', 2, 3, '2025-02-27 07:50:00');

INSERT INTO Artists (artist_id, name, bio) VALUES
(1, 'Queen', 'Legendary British rock band formed in 1970.'),
(2, 'Boney M', 'Disco group created by German record producer Frank Farian.'),
(3, 'Twenty One Pilots', 'American musical duo from Columbus, Ohio.'),
(4, 'Travis Scott', 'American rapper and record producer.'),
(5, 'Kendrick Lamar', 'American rapper and songwriter.'),
(6, 'Kanye West', 'American rapper, producer and fashion designer.'),
(7, 'Adele', 'English singer-songwriter.'),
(8, 'Drake', 'Canadian rapper, singer and actor.'),
(9, 'The Weeknd', 'Canadian singer, songwriter, and record producer.'),
(10, 'Imagine Dragons', 'American pop rock band.'),
(11, 'Coldplay', 'British rock band formed in London.'),
(12, 'Metallica', 'American heavy metal band.'),
(13, 'Billie Eilish', 'American singer-songwriter.'),
(14, 'Post Malone', 'American rapper, singer, songwriter and record producer.'),
(15, 'David Bowie', 'English singer-songwriter and actor.'),
(16, 'Arctic Monkeys', 'English rock band formed in Sheffield.'),
(17, 'Rihanna', 'Barbadian singer and businesswoman.'),
(18, 'Skrillex', 'American electronic music producer and DJ.'),
(19, 'Eminem', 'American rapper, songwriter and record producer.'),
(20, 'Shakira', 'Colombian singer and songwriter.');

INSERT INTO Genres (genre_id, name) VALUES
(1, 'Rock'),
(2, 'Disco'),
(3, 'Alternative'),
(4, 'Hip-Hop'),
(5, 'Pop'),
(6, 'R&B'),
(7, 'Electronic'),
(8, 'Metal'),
(9, 'Indie'),
(10, 'Latin');

INSERT INTO Albums (album_id, title, release_date, artist_id) VALUES
(1, 'A Night at the Opera', '1975-11-21', 1),
(2, 'The Miracle', '1989-05-22', 1),
(3, 'Bobby Farrell Hits', '1978-06-01', 2),
(4, 'Nightflight to Venus', '1978-05-01', 2),
(5, 'Blurryface', '2015-05-17', 3),
(6, 'Vessel', '2013-01-08', 3),
(7, 'Astroworld', '2018-08-03', 4),
(8, 'Rodeo', '2015-09-04', 4),
(9, 'DAMN.', '2017-04-14', 5),
(10, 'To Pimp a Butterfly', '2015-03-15', 5),
(11, 'My Beautiful Dark Twisted Fantasy', '2010-11-22', 6),
(12, 'Graduation', '2007-09-11', 6),
(13, '25', '2015-11-20', 7),
(14, '19', '2008-01-28', 7),
(15, 'Views', '2016-04-29', 8),
(16, 'Scorpion', '2018-06-29', 8),
(17, 'After Hours', '2020-03-20', 9),
(18, 'Beauty and the Beat', '2012-06-04', 9),
(19, 'Night Visions', '2012-09-04', 10),
(20, 'Evolve', '2017-06-23', 10),
(21, 'Parachutes', '2000-07-10', 11),
(22, 'A Rush of Blood to the Head', '2002-08-26', 11),
(23, 'Master of Puppets', '1986-03-03', 12),
(24, 'Ride the Lightning', '1984-07-27', 12),
(25, 'When We All Fall Asleep, Where Do We Go?', '2019-03-29', 13),
(26, 'Hollywood''s Bleeding', '2019-09-06', 14),
(27, 'Heroes', '1977-10-14', 15),
(28, 'Whatever People Say I Am, That''s What I''m Not', '2006-01-23', 16),
(29, 'Anti', '2016-01-28', 17),
(30, 'Recess', '2014-03-14', 18),
(31, 'The Marshall Mathers LP', '2000-05-23', 19),
(32, 'Laundry Service', '2001-11-13', 20),
(33, 'Greatest Hits Vol.1', '2020-01-01', 14),
(34, 'Late Registration', '2005-08-30', 6),
(35, 'King of the Road', '2021-01-01', 4),
(36, 'Selected Singles', '1999-01-01', 2);

INSERT INTO Tracks (track_id, title, duration, artist_id, album_id, genre_id) VALUES
(1, 'Bohemian Rhapsody', INTERVAL '00:05:55', 1, 1, 1),
(2, 'Love of My Life', INTERVAL '00:03:38', 1, 1, 1),
(3, 'Killer Queen', INTERVAL '00:03:01', 1, 2, 1),
(4, 'Rasputin', INTERVAL '00:04:25', 2, 4, 2),
(5, 'Daddy Cool', INTERVAL '00:03:26', 2, 3, 2),
(6, 'Hold the Line', INTERVAL '00:03:58', 2, 36, 2),
(7, 'Stressed Out', INTERVAL '00:03:22', 3, 5, 3),
(8, 'Heavydirtysoul', INTERVAL '00:03:05', 3, 6, 3),
(9, 'Ride', INTERVAL '00:03:45', 4, 8, 4),
(10, 'Sicko Mode', INTERVAL '00:05:13', 4, 7, 4),
(11, 'Goosebumps', INTERVAL '00:04:02', 14, 33, 4),
(12, 'HUMBLE.', INTERVAL '00:02:57', 5, 9, 4),
(13, 'DNA.', INTERVAL '00:03:05', 5, 9, 4),
(14, 'Alright', INTERVAL '00:03:39', 5, 10, 6),
(15, 'Power', INTERVAL '00:04:52', 6, 11, 4),
(16, 'Stronger', INTERVAL '00:05:10', 6, 12, 4),
(17, 'Hello', INTERVAL '00:04:55', 7, 13, 5),
(18, 'Someone Like You', INTERVAL '00:04:45', 7, 13, 5),
(19, 'Hotline Bling', INTERVAL '00:04:27', 8, 15, 6),
(20, 'God''s Plan', INTERVAL '00:03:19', 8, 15, 6),
(21, 'Blinding Lights', INTERVAL '00:03:20', 9, 17, 6),
(22, 'Save Your Tears', INTERVAL '00:03:35', 9, 17, 6),
(23, 'Radioactive', INTERVAL '00:03:08', 10, 19, 5),
(24, 'Demons', INTERVAL '00:02:57', 10, 19, 5),
(25, 'Yellow', INTERVAL '00:04:29', 11, 21, 1),
(26, 'Clocks', INTERVAL '00:05:07', 11, 22, 1),
(27, 'Enter Sandman', INTERVAL '00:05:32', 12, 23, 8),
(28, 'Nothing Else Matters', INTERVAL '00:06:28', 12, 23, 8),
(29, 'Bad Guy', INTERVAL '00:03:14', 13, 25, 5),
(30, 'bury a friend', INTERVAL '00:03:13', 13, 25, 7),
(31, 'Circles', INTERVAL '00:03:35', 14, 26, 5),
(32, 'Sunflower', INTERVAL '00:02:38', 14, 26, 5),
(33, 'Heroes', INTERVAL '00:06:07', 15, 27, 1),
(34, 'Do I Wanna Know?', INTERVAL '00:04:32', 16, 28, 9),
(35, 'Umbrella', INTERVAL '00:04:36', 17, 29, 5),
(36, 'Bangarang', INTERVAL '00:03:35', 18, 30, 7),
(37, 'The Real Slim Shady', INTERVAL '00:04:44', 19, 31, 4),
(38, 'Lose Yourself', INTERVAL '00:05:26', 19, 31, 4),
(39, 'Hips Don''t Lie', INTERVAL '00:03:38', 20, 32, 10),
(40, 'Whenever, Wherever', INTERVAL '00:03:16', 20, 32, 10),
(41, 'Somebody to Love', INTERVAL '00:04:56', 1, 1, 1),
(42, 'I Want to Break Free', INTERVAL '00:04:18', 1, 2, 1),
(43, 'Ma Baker', INTERVAL '00:04:37', 2, 4, 2),
(44, 'Blurryface (Intro)', INTERVAL '00:01:56', 3, 5, 3),
(45, 'Stargazing', INTERVAL '00:04:30', 4, 7, 4),
(46, '90210', INTERVAL '00:05:00', 4, 8, 4),
(47, 'Swimming Pools', INTERVAL '00:03:40', 5, 9, 4),
(48, 'Poetic Justice', INTERVAL '00:05:00', 5, 10, 6),
(49, 'Flashing Lights', INTERVAL '00:03:58', 6, 11, 4),
(50, 'Good Life', INTERVAL '00:03:27', 6, 12, 5),
(51, 'Rumour Has It', INTERVAL '00:03:43', 7, 14, 5),
(52, 'Set Fire to the Rain', INTERVAL '00:04:02', 7, 13, 5),
(53, 'In My Feelings', INTERVAL '00:03:38', 8, 15, 6),
(54, 'One Dance', INTERVAL '00:02:54', 8, 15, 6),
(55, 'Heartless', INTERVAL '00:03:53', 9, 18, 6),
(56, 'The Hills', INTERVAL '00:04:02', 9, 17, 6),
(57, 'On Top of the World', INTERVAL '00:03:12', 10, 19, 5),
(58, 'Believer', INTERVAL '00:03:24', 10, 20, 5),
(59, 'The Scientist', INTERVAL '00:05:09', 11, 22, 1),
(60, 'Fix You', INTERVAL '00:04:55', 11, 21, 1),
(61, 'Master of Puppets', INTERVAL '00:08:35', 12, 23, 8),
(62, 'Fade to Black', INTERVAL '00:06:57', 12, 24, 8),
(63, 'Everything I Wanted', INTERVAL '00:04:05', 13, 25, 5),
(64, 'Goodbyes', INTERVAL '00:02:53', 14, 26, 5),
(65, 'Life on Mars?', INTERVAL '00:03:55', 15, 27, 1),
(66, 'Do I Wanna Know? (Live)', INTERVAL '00:04:45', 16, 28, 9),
(67, 'We Found Love', INTERVAL '00:03:35', 17, 29, 5),
(68, 'Scary Monsters and Nice Sprites', INTERVAL '00:04:07', 18, 30, 7),
(69, 'Stan', INTERVAL '00:06:44', 19, 31, 4),
(70, 'Whenever, Wherever (Remix)', INTERVAL '00:03:50', 20, 32, 10),
(71, 'Another One Bites The Dust', INTERVAL '00:03:35', 1, 1, 1),
(72, 'Under Pressure', INTERVAL '00:04:08', 1, 2, 1),
(73, 'Sunshine of My Life', INTERVAL '00:04:00', 2, 36, 2),
(74, 'Chlorine', INTERVAL '00:05:30', 3, 6, 3),
(75, 'Goosebumps (Remix)', INTERVAL '00:04:20', 14, 33, 4),
(76, 'Antidote', INTERVAL '00:03:33', 4, 35, 4),
(77, 'ELEMENT.', INTERVAL '00:03:26', 5, 9, 4),
(78, 'Power (Live)', INTERVAL '00:05:02', 6, 34, 4),
(79, 'Rolling in the Deep', INTERVAL '00:03:49', 7, 13, 5),
(80, 'Hotline Bling (Acoustic)', INTERVAL '00:03:50', 8, 15, 6),
(81, 'Blinding Lights (Remix)', INTERVAL '00:03:40', 9, 17, 6),
(82, 'Thunder', INTERVAL '00:03:07', 10, 20, 5),
(83, 'Viva La Vida', INTERVAL '00:04:02', 11, 21, 1),
(84, 'Nothing Else Matters (Live)', INTERVAL '00:06:22', 12, 23, 8),
(85, 'when the party''s over', INTERVAL '00:04:53', 13, 25, 5),
(86, 'White Iverson', INTERVAL '00:04:18', 14, 33, 5),
(87, 'Space Oddity', INTERVAL '00:05:18', 15, 27, 1),
(88, 'R U Mine?', INTERVAL '00:03:22', 16, 28, 9),
(89, 'Diamonds', INTERVAL '00:03:45', 17, 29, 5),
(90, 'Breakn'' a Sweat', INTERVAL '00:04:02', 18, 30, 7),
(91, 'The Real Slim Shady (Live)', INTERVAL '00:05:10', 19, 31, 4),
(92, 'She Wolf', INTERVAL '00:03:06', 20, 32, 10),
(93, 'Somebody to Love (Live)', INTERVAL '00:05:03', 1, 1, 1),
(94, 'Bohemian Rhapsody (Live Aid)', INTERVAL '00:06:30', 1, 2, 1),
(95, 'Rivers of Babylon', INTERVAL '00:03:52', 2, 3, 2),
(96, 'Stressed Out (Live)', INTERVAL '00:03:50', 3, 5, 3),
(97, 'Astrothunder', INTERVAL '00:03:27', 4, 7, 4),
(98, 'LOVE.', INTERVAL '00:03:32', 5, 9, 6),
(99, 'Devil in a New Dress', INTERVAL '00:05:52', 6, 11, 4),
(100, 'La Tortura', INTERVAL '00:03:34', 20, 32, 10);

INSERT INTO Playlists (playlist_id, title, user_id) VALUES
(1, 'Aidar''s Mix', 1),
(2, 'Gulnara''s Favorites', 2),
(3, 'John''s Roadtrip', 3),
(4, 'Maria''s Chill', 4),
(5, 'Emma''s Hits', 5),
(6, 'Carlos Party', 6),
(7, 'Satoshi Selects', 7),
(8, 'Lena Workout', 8),
(9, 'Olga Study', 9),
(10, 'Michael Classics', 10),
(11, 'Daniela Dance', 11),
(12, 'Alex Top 40', 12),
(13, 'Shared: Party Mix', 1),
(14, 'Shared: Soft Hits', 3);

INSERT INTO Playlist_Track (playlist_id, track_id, position) VALUES
(1, 1, 1),(1, 41, 2),(1, 71, 3),(1, 94, 4),
(2, 4, 1),(2, 43, 2),(2, 95, 3),
(3, 10, 1),(3, 45, 2),(3, 76, 3),(3, 97, 4),
(4, 29, 1),(4, 30, 2),(4, 85, 3),
(5, 17, 1),(5, 79, 2),(5, 25, 3),
(6, 11, 1),(6, 31, 2),(6, 75, 3),
(7, 21, 1),(7, 22, 2),(7, 81, 3),
(8, 57, 1),(8, 58, 2),(8, 82, 3),
(9, 63, 1),(9, 64, 2),(9, 86, 3),
(10, 27, 1),(10, 61, 2),(10, 84, 3),
(11, 36, 1),(11, 68, 2),(11, 90, 3),
(12, 19, 1),(12, 20, 2),(12, 53, 3),
(13, 2, 1),(13, 3, 2),(13, 41, 3),(13, 71, 4),
(14, 59, 1),(14, 60, 2),(14, 69, 3);

INSERT INTO Listening_Histories (history_id, user_id, track_id, play_date) VALUES
(1, 1, 1, '2025-10-10 12:00:00'),
(2, 1, 41, '2025-10-10 12:05:00'),
(3, 2, 4, '2025-09-30 09:12:00'),
(4, 3, 10, '2025-10-01 18:22:00'),
(5, 4, 29, '2025-09-25 20:00:00'),
(6, 5, 17, '2025-10-08 14:33:00'),
(7, 6, 11, '2025-10-09 23:01:00'),
(8, 7, 21, '2025-10-07 07:44:00'),
(9, 8, 57, '2025-10-06 06:30:00'),
(10, 9, 63, '2025-10-05 11:11:00'),
(11, 10, 27, '2025-09-29 22:22:00'),
(12, 11, 31, '2025-10-03 16:16:00'),
(13, 12, 19, '2025-10-02 19:45:00'),
(14, 2, 95, '2025-09-20 13:10:00'),
(15, 3, 96, '2025-09-21 14:14:00');

INSERT INTO Ratings (user_id, track_id, rating, review) VALUES
(1, 1, 5, 'Epic song.'),
(2, 4, 4, 'Great disco vibes.'),
(3, 10, 5, 'Sick production.'),
(4, 29, 4, 'Beautiful melody.'),
(5, 17, 5, 'Powerful voice.'),
(6, 11, 4, 'Nice beat.'),
(7, 21, 5, 'Can''t stop listening.'),
(8, 57, 4, 'Good workout track.'),
(9, 63, 5, 'Very emotional.'),
(10, 27, 5, 'Metal classic.'),
(11, 31, 4, 'Catchy.'),
(12, 19, 3, 'Not my style.');

INSERT INTO Recommendations (recommendation_id, user_id, track_id) VALUES
(1, 1, 2),
(2, 1, 41),
(3, 2, 43),
(4, 3, 10),
(5, 4, 29),
(6, 5, 17),
(7, 6, 11),
(8, 7, 21),
(9, 8, 57),
(10, 9, 63);

INSERT INTO Charts (chart_id, name, country_id) VALUES
(1, 'UK Top Hits', 1),
(2, 'US Billboard', 2),
(3, 'Canada Hot 100', 3),
(4, 'Kazakhstan Top', 4),
(5, 'Russia Top 50', 5);

INSERT INTO ChartTrack (chart_id, track_id, position) VALUES
(1, 1, 1),(1, 41, 2),(1, 71, 3),(1, 94, 4),(1, 33, 5),
(2, 10, 1),(2, 2, 2),(2, 11, 3),(2, 31, 4),(2, 19, 5),
(3, 21, 1),(3, 22, 2),(3, 32, 3),(3, 53, 4),(3, 20, 5),
(4, 95, 1),(4, 4, 2),(4, 41, 3),(4, 71, 4),(4, 93, 5),
(5, 27, 1),(5, 61, 2),(5, 84, 3),(5, 69, 4),(5, 38, 5);
